<?xml version="1.0" encoding="UTF-8" standalone="yes"?>
<addon id="plugin.video.youtube_mimi_channel"
	name="youtube_mimi_channel"
	version="1.0.0"
	provider-name="Amateur Apps">
  <requires>
    <import addon="xbmc.python" version="2.1.0"/>
    <import addon="script.module.addon.common" version="2.0.0"/>
    <import addon="plugin.video.youtube" version="5.0.0"/>
  </requires>
  <extension point="xbmc.python.pluginsource" library="default.py">
    <provides>video</provides>
  </extension>
  <extension point="xbmc.addon.metadata">
    <summary lang="en">outdoorsman</summary>
    <description lang="en">A collection of Fishing and Hunting videos sourced from Youtube.</description>
    <platform>all</platform>
  </extension>
</addon>
