﻿<?xml version="1.0" encoding="UTF-8" standalone="yes"?>
<addon id="service.subtitles.bsbsmartrelax" name="BSB Smart Relax Subtitles" version="1.3" provider-name="Lê Quang Khoa">
    <requires><import addon="xbmc.python" version="2.14.0"/></requires>
    <extension point="xbmc.subtitle.module" library="bsbsmartrelax.py"/>
    <extension point="xbmc.addon.metadata">
        <platform>all</platform>
        <summary lang="en">XBMC/KODI Subtitles for BSB SMART RELAX Addon</summary>
        <description lang="vi">Tìm phụ đề Tiếng Việt, tìm và dịch ra tiếng Việt từ bản tiếng Anh cho BSB SMART RELAX trên http://Subscene.com, phudeviet.org.</description>
        <platform>all</platform>
        <language>en</language>
        <license>GNU General Public License - v2</license>
        <source>http://smartrelax.4all.vn/kodi</source>
        <email>le.quang.khoa@gmail.com</email>
    </extension>
</addon>
