<?xml version="1.0" encoding="UTF-8" standalone="yes"?>
<addon id="plugin.video.netsuperaddon" name="*net[COLOR red]super[COLOR yellow][COLOR yellow]addon[/COLOR]" version="1.0.3" provider-name="DaveLN">
    <requires>	   
    </requires>
    <extension point="xbmc.python.pluginsource"
               library="default.py">
        <provides>video</provides>
    </extension>
    <extension point="xbmc.addon.metadata">
        <summary>all-in-one-shortcut add-on</summary>
        <description>
[B]This add-on contains only shortcuts to other popular Viet and international add-ons including [COLOR red]adult plug-ins[/COLOR]. Users must install the related repositories and add-ons.[/B]

Add-on này chỉ chứa đường dẫn tới các add-ons Việt và quốc tế thông dụng khác, kể cả những [COLOR red]add-ons cho người lớn[/COLOR]. Người dùng cần phải tự gài những repositories và add-ons mình muốn.
		</description>
		<disclaimer></disclaimer>		
		<platform>all</platform>
		<license>http://www.gnu.org/licenses/</license>
		<forum></forum>
		<website></website>    
		<email></email>
		<mainsource>https://github.com/daveln/repository.daveln</mainsource>    
		<source></source> 		
    </extension>
</addon>