﻿<?xml version="1.0" encoding="UTF-8" standalone="yes"?>
<addon
  id="plugin.video.bsbsmartrelax"
  version="2.6.1"
  name="BSB Smart Relax"
  provider-name="Le Quang Khoa">
  <requires>
    <import addon="xbmc.python" version="2.7.3"/>
    <import addon="script.module.beautifulsoup" version="3.0.8"/>
    <import addon="script.module.simplejson" />
    <import addon="script.module.pytz" />
    <import addon="script.module.requests" />
    <import addon="script.module.mechanize" version="0.2.6"/>
    <import addon="script.module.pyxbmct" version="1.1.4"/>
	<import addon="plugin.video.youtube" version="4.4.10"/>
  </requires>
  <extension point="xbmc.python.pluginsource" library="default.py">
        <provides>video</provides>
  </extension>
  <extension point="xbmc.addon.metadata">
    <summary>Copyright 2015 By Le Quang Khoa</summary>
    <description>Thoải mái xem phim và truyền hình ...</description>
    <platform>all</platform>
  </extension>
</addon>