<?xml version="1.0" encoding="UTF-8" standalone="yes"?>
<addon id="plugin.video.youtube_mimibebe" name="youtube MimiBebe" version="0.0.0" provider-name="MimiBebe">
<!-- note the id has -master in it because then the github repo download is then an installable zip -->
    <requires>
        <import addon="xbmc.python" version="2.1.0"/>
		<!--<import addon="script.module.addon.common" version="2.0.0"/>-->
		<import addon="plugin.video.youtube" version="5.0.0"/>
    </requires>
    <extension point="xbmc.python.pluginsource" library="addon.py">
        <provides>video</provides> <!-- remember to also change this accordingly you your plugin! -->
    </extension>
    <extension point="xbmc.addon.metadata">
        <platform>all</platform>
        <summary lang="en">youtube MimiBebe</summary>        
        <description lang="en">Chương trinh xem phim của Mimi và bebe</description>
        <license>Unlicence</license>
        <source></source>
        <website></website>
        <email></email>
    </extension>
</addon>
