<?xml version="1.0" encoding="utf-8" standalone="yes"?>

<channel>

<items>

<item>
<title>3XZ</title>
<link>plugin://plugin.video.adult.3xz</link>
<thumbnail></thumbnail>
</item>

<item>
<title>beeg.com  (Adult) - Powered by XBMCHUB.COM</title>
<link>plugin://plugin.video.beeg.com</link>
<thumbnail></thumbnail>
</item>

<item>
<title>beeg (XXX)</title>
<link>plugin://plugin.video.beegcom</link>
<thumbnail></thumbnail>
</item>

<item>
<title>Cherry Pie</title>
<link>plugin://plugin.video.cherrypie</link>
<thumbnail></thumbnail>
</item>

<item>
<title>Dclip</title>
<link>plugin://plugin.video.dclip</link>
<thumbnail></thumbnail>
</item>

<item>
<title>Eporner</title>
<link>plugin://plugin.video.eporner</link>
<thumbnail></thumbnail>
</item>
<item>
<title>Empflix</title>
<link>plugin://plugin.video.empflix</link>
<thumbnail></thumbnail>
</item>

<item>
<title>Ero-Tik (XXX)</title>
<link>plugin://plugin.video.ero-tik</link>
<thumbnail></thumbnail>
</item>

<item>
<title>Erotik (XXX)</title>
<link>plugin://plugin.video.erotik</link>
<thumbnail></thumbnail>
</item>

<item>
<title>Fantasti.cc</title>
<link>plugin://plugin.video.fantasticc</link>
<thumbnail></thumbnail>
</item>

<item>
<title>Hotgoo</title>
<link>plugin://plugin.video.hotgoo</link>
<thumbnail></thumbnail>
</item>

<item>
<title>HStube</title>
<link>plugin://plugin.video.hstube</link>
<thumbnail></thumbnail>
</item>
<item>
<title>JAV Stream</title>
<link>plugin://plugin.video.javstream</link>
<thumbnail></thumbnail>
</item>

<item>
<title>Korean XXX</title>
<link>plugin://plugin.video.korea-xxx</link>
<thumbnail></thumbnail>
</item>

<item>
<title>largecamtube</title>
<link>plugin://plugin.video.largecamtube</link>
<thumbnail></thumbnail>
</item>

<item>
<title>Lubetube (Adult)</title>
<link>plugin://plugin.video.lubetube</link>
<thumbnail></thumbnail>
</item>

<item>
<title>motherless</title>
<link>plugin://plugin.video.motherless</link>
<thumbnail></thumbnail>
</item>

<item>
<title>netcherry</title>
<link>plugin://plugin.video.netcherry</link>
<thumbnail></thumbnail>
</item>

<item>
<title>Oxo</title>
<link>plugin://plugin.video.oxo</link>
<thumbnail></thumbnail>
</item>

<item>
<title>Porn Hub</title>
<link>plugin://plugin.video.pornhub</link>
<thumbnail></thumbnail>
</item>

<item>
<title>SirinaTV</title>
<link>plugin://plugin.video.sirinatv</link>
<thumbnail></thumbnail>
</item>

<item>
<title>Tube 8</title>
<link>plugin://plugin.video.tube8</link>
<thumbnail></thumbnail>
</item>

<item>
<title>Tubesex</title>
<link>plugin://plugin.video.tubesex</link>
<thumbnail></thumbnail>
</item>

<item>
<title>VideoDevil</title>
<link>plugin://plugin.video.videodevil</link>
<thumbnail></thumbnail>
</item>

<item>
<title>Wildfire</title>
<link>plugin://plugin.video.wildfire</link>
<thumbnail></thumbnail>
</item>

<item>
<title>Xhamster</title>
<link>plugin://plugin.video.xhamster</link>
<thumbnail></thumbnail>
</item>

<item>
<title>Xvideos</title>
<link>plugin://plugin.video.xvideos</link>
<thumbnail></thumbnail>
</item>

<item>
<title>YouJizz.com</title>
<link>plugin://plugin.video.you.jizz</link>
<thumbnail></thumbnail>
</item>

</items>

</channel>