<?xml version="1.0" encoding="utf-8" standalone="yes"?>

<stream>

<items>

<item>
<title>[COLOR cyan]Viet Addons[/COLOR]</title>
<link>Viet</link>
<thumbnail>viet.png</thumbnail>
<mode>1</mode>
</item>

<item>
<title>[COLOR yellow]Other Addons[/COLOR]</title>
<link>other</link>
<thumbnail>other.png</thumbnail>
<mode>4</mode>
</item>

<item>
<title>[COLOR white]YouTube Add-on[/COLOR]</title>
<link>plugin://plugin.video.youtube</link>
<thumbnail>YouTube.png</thumbnail>
<mode>2</mode>
</item>

<item>
<title>[COLOR red]Cherry[/COLOR]</title>
<link>adult</link>
<thumbnail>cherry.png</thumbnail>
<mode>3</mode>
</item>

<item>
<title>[COLOR brown]kodi4viet[/COLOR]</title>
<link>plugin://plugin.video.youtube/play/?video_id=yLG7JuLABCU</link>
<thumbnail>kodi4viet.png</thumbnail>
<mode></mode>
</item>

<item>
<title>[COLOR magenta]List of Addons[/COLOR]</title>
<link>plugin://plugin.video.youtube/play/?video_id=Afz3SoZpJEU</link>
<thumbnail>ListOfAddons.png</thumbnail>
<mode></mode>
</item>

</items>

</stream>