<?xml version="1.0" encoding="utf-8" standalone="yes"?>

<channels>

<channel>
<name>Anphunl</name>
<thumbnail>anphunl.png</thumbnail>
<items>
<item>
<title>HDViet</title>
<link>plugin://plugin.video.hdviet</link>
<thumbnail></thumbnail>
</item>
</items>
</channel>

<channel>
<name>Redirect2MediaList4SingleAddon - ChanTube</name>
<thumbnail></thumbnail>
<items>
<item>
<title>ChanTube</title>
<link>plugin://plugin.video.chantube</link>
<thumbnail></thumbnail>
</item>
</items>
</channel>

<channel>
<name>CX Kodi</name>
<thumbnail>cxkodi.png</thumbnail>
<items>
<item>
<title>FPTPlay</title>
<link>plugin://plugin.video.fptplay</link>
<thumbnail></thumbnail>
</item>
</items>
</channel>

<channel>
<name>DaveLN</name>
<thumbnail>daveln.png</thumbnail>
<items>
<item>
<title>*nettivi</title>
<link>plugin://plugin.video.nettivi</link>
<thumbnail></thumbnail>
</item>
<item>
<title>*netmovie</title>
<link>plugin://plugin.video.netmovie</link>
<thumbnail></thumbnail>
</item>
<item>
<title>*netplaylist</title>
<link>plugin://plugin.video.netplaylist</link>
<thumbnail></thumbnail>
</item>
<item>
<title>*netmedia</title>
<link>plugin://plugin.video.netmedia</link>
<thumbnail></thumbnail>
</item>
<item>
<title>*netmusic</title>
<link>plugin://plugin.video.netmusic</link>
<thumbnail></thumbnail>
</item>
<item>
<title>*netvideos</title>
<link>plugin://plugin.video.netvideos</link>
<thumbnail></thumbnail>
</item>
</items>
</channel>

<channel>
<name>Dknight</name>
<thumbnail>dknight.png</thumbnail>
<items>
<item>
<title>HDOnline</title>
<link>plugin://plugin.video.hdonline</link>
<thumbnail></thumbnail>
</item>
<item>
<title>Kenh 88</title>
<link>plugin://plugin.video.kenh88</link>
<thumbnail></thumbnail>
</item>
<item>
<title>Kenh 108</title>
<link>plugin://plugin.video.kenh108</link>
<thumbnail></thumbnail>
</item>
<item>
<title>Phim 47</title>
<link>plugin://plugin.video.phim47</link>
<thumbnail></thumbnail>
</item>
<item>
<title>Yeu Phim</title>
<link>plugin://plugin.video.yeuphim</link>
<thumbnail></thumbnail>
</item>
<item>
<title>Viet TV 24 Free</title>
<link>plugin://plugin.video.viettv24free</link>
<thumbnail></thumbnail>
</item>
</items>
</channel>

<channel>
<name>HCMLIKE.com</name>
<thumbnail>hcmlike.png</thumbnail>
<items>
<item>
<title>Film</title>
<link>plugin://plugin.video.hcmlike-filmonline</link>
<thumbnail></thumbnail>
</item>
<item>
<title>TV</title>
<link>plugin://plugin.video.hcmlike-tvonline</link>
<thumbnail></thumbnail>
</item>
</items>
</channel>

<channel>
<name>HDrepo</name>
<thumbnail>cxkodi.png</thumbnail>
<items>
<item>
<title>HDPlay</title>
<link>plugin://plugin.video.hdplay</link>
<thumbnail></thumbnail>
</item>
</items>
</channel>

<channel>
<name>[COLOR lime][B]Hieuhien.vn Repository[/B][/COLOR]</name>
<thumbnail>hieuhien.png</thumbnail>
<items>
<item>
<title>[B][COLOR FF00FF00]Phim HDcaphe[/COLOR][/B]</title>
<link>plugin://plugin.video.hdcaphe</link>
<thumbnail></thumbnail>
</item>
<item>
<title>[COLOR lime][B]HieuHienLiveShow[/B][/COLOR]</title>
<link>plugin://plugin.video.HieuHienLiveShow</link>
<thumbnail></thumbnail>
</item>
<item>
<title>[COLOR lime][B]HieuHienTV[/B][/COLOR]</title>
<link>plugin://plugin.video.HieuHienTV</link>
<thumbnail></thumbnail>
</item>
</items>
</channel>

<channel>
<name>ITV Plus</name>
<thumbnail>itvplus.png</thumbnail>
<items>
<item>
<title>Chương Trình Tổng Hợp</title>
<link>plugin://plugin.video.itvplus</link>
<thumbnail></thumbnail>
</item>
<item>
<title>TV</title>
<link>plugin://plugin.video.itv.htvonline</link>
<thumbnail></thumbnail>
</item>
</items>
</channel>

<channel>
<name>[COLOR yellow][B]Kodi4VN[/B][/COLOR]</name>
<thumbnail>thongld.png</thumbnail>
<items>
<item>
<title>*[COLOR yellow]AnhTrang.org[/COLOR]</title>
<link>plugin://plugin.video.kodi4vn.anhtrang.org</link>
<thumbnail></thumbnail>
</item>
<item>
<title>*[COLOR yellow]Đồng Giao TV[/COLOR]</title>
<link>plugin://plugin.video.kodi4vn.donggiao</link>
<thumbnail></thumbnail>
</item>
<item>
<title>*[COLOR yellow]HayHayTV.vn[/COLOR]</title>
<link>plugin://plugin.video.kodi4vn.hayhaytv</link>
<thumbnail></thumbnail>
</item>
<item>
<title>*[COLOR yellow]HDOnline[/COLOR]</title>
<link>plugin://plugin.video.kodi4vn.hdonlinevn</link>
<thumbnail></thumbnail>
</item>
<item>
<title>*[COLOR yellow]HTV Online[/COLOR]</title>
<link>plugin://plugin.video.kodi4vn.htvonline</link>
<thumbnail></thumbnail>
</item>
<item>
<title>*[COLOR yellow]kenh108.com[/COLOR]</title>
<link>plugin://plugin.video.kodi4vn.kenh108.com</link>
<thumbnail></thumbnail>
</item>
<item>
<title>*[COLOR yellow]MegaFun.vn[/COLOR]</title>
<link>plugin://plugin.video.kodi4vn.megafun</link>
<thumbnail></thumbnail>
</item>
<item>
<title>*[COLOR yellow]MovieBox[/COLOR]</title>
<link>plugin://plugin.video.kodi4vn.moviebox</link>
<thumbnail></thumbnail>
</item>
<item>
<title>*[COLOR yellow]Xi Xam[/COLOR]</title>
<link>plugin://plugin.video.kodi4vn.phim.xixam.com</link>
<thumbnail></thumbnail>
</item>
<item>
<title>*[COLOR yellow]Phim14.net[/COLOR]</title>
<link>plugin://plugin.video.kodi4vn.phim14.net</link>
<thumbnail></thumbnail>
</item>
<item>
<title>*[COLOR yellow]Phim60s.info[/COLOR]</title>
<link>plugin://plugin.video.kodi4vn.phim60s</link>
<thumbnail></thumbnail>
</item>
<item>
<title>*[COLOR yellow]Phim ClipVN[/COLOR]</title>
<link>plugin://plugin.video.kodi4vn.phimclipvn</link>
<thumbnail></thumbnail>
</item>
<item>
<title>*[COLOR yellow]PhimVang.org[/COLOR]</title>
<link>plugin://plugin.video.kodi4vn.phimvang.org</link>
<thumbnail></thumbnail>
</item>
<item>
<title>*[COLOR yellow]VietTV24.com[/COLOR]</title>
<link>plugin://plugin.video.kodi4vn.viettv24</link>
<thumbnail></thumbnail>
</item>
<item>
<title>*[COLOR yellow]VTV Plus[/COLOR]</title>
<link>plugin://plugin.video.kodi4vn.vtvplus</link>
<thumbnail></thumbnail>
</item>
<item>
<title>*[COLOR yellow]XomGiaiTri.com[/COLOR]</title>
<link>plugin://plugin.video.kodi4vn.xomgiaitri</link>
<thumbnail></thumbnail>
</item>
<item>
<title>*[COLOR yellow]YeuPhim[/COLOR]</title>
<link>plugin://plugin.video.kodi4vn.yeuphim</link>
<thumbnail></thumbnail>
</item>
<item>
<title>*[COLOR yellow]VIP Playlists[/COLOR]</title>
<link>plugin://plugin.video.kodi4vn.youtube.playlists</link>
<thumbnail></thumbnail>
</item>
<item>
<title>*[COLOR yellow]VN Daily News[/COLOR]</title>
<link>plugin://plugin.video.kodi4vn.youtube.vnnews</link>
<thumbnail></thumbnail>
</item>
<item>
<title>*[COLOR yellow]Zing TV[/COLOR]</title>
<link>plugin://plugin.video.kodi4vn.zingtv</link>
<thumbnail></thumbnail>
</item>
</items>
</channel>

<channel>
<name>Redirect2MediaList4SingleAddon - LiveStreams</name>
<thumbnail></thumbnail>
<items>
<item>
<title>LiveStreams</title>
<link>plugin://plugin.video.live.streams</link>
<thumbnail>livestreams.png</thumbnail>
</item>
</items>
</channel>

<channel>
<name>lnt900</name>
<thumbnail>lnt900.png</thumbnail>
<items>
<item>
<title>HayHayTV</title>
<link>plugin://plugin.video.hayhaytv-kodi</link>
<thumbnail></thumbnail>
</item>
<item>
<title>HDViet</title>
<link>plugin://plugin.video.hdviet</link>
<thumbnail></thumbnail>
</item>
</items>
</channel>

<channel>
<name>MrOdin - Vietnam music Add-ons</name>
<thumbnail>MrOdin.png</thumbnail>
<items>
<item>
<title>Mp3.Zing.Vn</title>
<link>plugin://plugin.video.mp3zing</link>
<thumbnail></thumbnail>
</item>
<item>
<title>TalkTV.vn</title>
<link>plugin://plugin.video.talktv</link>
<thumbnail></thumbnail>
</item>
<item>
<title>Tv.Zing.Vn</title>
<link>plugin://plugin.video.tvzing</link>
<thumbnail></thumbnail>
</item>
</items>
</channel>

<channel>
<name>The other Viet Addons</name>
<thumbnail>theotherguy.png</thumbnail>
<items>
<item>
<title>BolsaTV</title>
<link>plugin://plugin.video.bolsatv</link>
<thumbnail></thumbnail>
</item>
<item>
<title>Ca Nhac Giai Tri</title>
<link>plugin://plugin.video.canhacgiaitri</link>
<thumbnail></thumbnail>
</item>
<item>
<title>The Thao</title>
<link>plugin://plugin.video.thethao</link>
<thumbnail></thumbnail>
</item>
<item>
<title>Thieu Nhi</title>
<link>plugin://plugin.video.thieunhi</link>
<thumbnail></thumbnail>
</item>
<item>
<title>Truyen Hinh Truc Tiep</title>
<link>plugin://plugin.video.truyenhinhtructiep</link>
<thumbnail></thumbnail>
</item>
<item>
<title>Xem Phim</title>
<link>plugin://plugin.video.xemphim</link>
<thumbnail>xemphim.png</thumbnail>
</item>
</items>
</channel>

<channel>
<name>traitravinh</name>
<thumbnail>traitravinh.png</thumbnail>
<items>
<item>
<title>[COLOR FF00BFFF]NhacCuaTui[/COLOR]</title>
<link>plugin://plugin.video.nhaccuatui</link>
<thumbnail>nhaccuatui.png</thumbnail>
</item>
<item>
<title>[COLOR ff696969]C[/COLOR][COLOR ffff0000]S[/COLOR][COLOR ff696969]N[/COLOR]</title>
<link>plugin://plugin.video.chiasenhac</link>
<thumbnail>chiasenhac.png</thumbnail>
</item>
<item>
<title>[COLOR ffff0000]H[/COLOR][COLOR ff32cd32]T[/COLOR][COLOR ff0000ff]V[/COLOR][COLOR ffffffff]online[/COLOR]</title>
<link>plugin://plugin.video.HTVonline</link>
<thumbnail>HTVonline.png</thumbnail>
</item>
<item>
<title>[COLOR ffff8c00]X[/COLOR][COLOR ffffffff]i[/COLOR][COLOR ffff8c00]X[/COLOR][COLOR ffffffff]am[/COLOR]</title>
<link>plugin://plugin.video.phimxixam</link>
<thumbnail>phimxixam.png</thumbnail>
</item>
<item>
<title>[COLOR ffffff00]Anh[/COLOR][COLOR ffffa500]Trang[/COLOR][COLOR ffffffff].ORG[/COLOR]</title>
<link>plugin://plugin.video.anhtrang_org</link>
<thumbnail>anhtrang_org.png</thumbnail>
</item>
<item>
<title>[COLOR FFFFFFFF]bongda[/COLOR][COLOR FF32CD32]tructuyen[/COLOR][COLOR FFFFFFFF].vn[/COLOR]</title>
<link>plugin://plugin.video.bongdatructuyen</link>
<thumbnail>bongdatructuyen.png</thumbnail>
</item>
<item>
<title>[COLOR white]Our[/COLOR][COLOR FFF4A460]Match[/COLOR][COLOR white].net[/COLOR]</title>
<link>plugin://plugin.video.ourmatch_net</link>
<thumbnail>ourmatch_net.png</thumbnail>
</item>
<item>
<title>[COLOR white]phatam[/COLOR]</title>
<link>plugin://plugin.video.phatam</link>
<thumbnail>phatam.png</thumbnail>
</item>
<item>
<title>[COLOR white]PHIM[/COLOR][COLOR FFFFD700]VANG[/COLOR]</title>
<link>plugin://plugin.video.phimvang</link>
<thumbnail>phimvang.png</thumbnail>
</item>
<item>
<title>moviHD.net</title>
<link>plugin://plugin.video.moviHD</link>
<thumbnail>moviHD.png</thumbnail>
</item>
<item>
<title>vkool.net</title>
<link>plugin://plugin.video.vkool</link>
<thumbnail>vkool.png</thumbnail>
</item>
<item>
<title>[COLOR FF32CD32]XemPhimSo[/COLOR]</title>
<link>plugin://plugin.video.xemphimso</link>
<thumbnail>xemphimso.png</thumbnail>
</item>
</items>
</channel>

<channel>
<name>Redirect2MediaList4SingleAddon - BinhNguyen</name>
<thumbnail></thumbnail>
<items>
<item>
<title>TV Viet Nam</title>
<link>plugin://plugin.video.tvvn</link>
<thumbnail></thumbnail>
</item>
</items>
</channel>

<channel>
<name>VietMedia</name>
<thumbnail>vietmedia.png</thumbnail>
<items>
<item>
<title>[B][COLOR lime]Chia[/COLOR] [COLOR red]Sẻ [/COLOR][COLOR yellow]Nhạc[/COLOR][/B]</title>
<link>plugin://plugin.audio.chiasenhac</link>
<thumbnail></thumbnail>
</item>
<item>
<title>VietMedia Movie</title>
<link>plugin://plugin.video.vietmedia.movie</link>
<thumbnail></thumbnail>
</item>
<item>
<title>VietMedia Music</title>
<link>plugin://plugin.audio.vietmedia.music</link>
<thumbnail></thumbnail>
</item>
<item>
<title>VietMedia Play</title>
<link>plugin://plugin.video.vietmediaplay</link>
<thumbnail></thumbnail>
</item>
</items>
</channel>

<channel>
<name>Redirect2MediaList4SingleAddon - Vinh</name>
<thumbnail></thumbnail>
<items>
<item>
<title>Vinh's Live TV</title>
<link>plugin://plugin.video.livetv</link>
<thumbnail></thumbnail>
</item>
</items>
</channel>

<channel>
<name>X Share</name>
<thumbnail>xshare.png</thumbnail>
<items>
<item>
<title>X Share</title>
<link>plugin://plugin.video.xshare</link>
<thumbnail>xshare.png</thumbnail>
</item>
<item>
<title>X Share Tiny</title>
<link>plugin://plugin.video.xshare.tiny</link>
<thumbnail>xshare.png</thumbnail>
</item>
</items>
</channel>

</channels>