<?xml version="1.0" encoding="utf-8" standalone="yes"?>

<stream>

<item>
<title>[COLOR cyan]HD [COLOR red] Adult Videos[/COLOR]</title>
<link>hdadult</link>
<thumbnail>hdadult.png</thumbnail>
<mode>7</mode>
</item>

<item>
<title>[COLOR lime]Ero-tik [COLOR red] Adult Videos[/COLOR]</title>
<link>http://www.ero-tik.com/</link>
<thumbnail>erotik.png</thumbnail>
<mode>2</mode>
</item>

<item>
<title>[COLOR orange]FlyFLV [COLOR red] Adult Videos[/COLOR]</title>
<link>http://www.flyflv.com</link>
<thumbnail>flyflv.png</thumbnail>
<mode>2</mode>
</item>

<item>
<title>[COLOR yellow]LubeTube [COLOR red] Adult Videos[/COLOR]</title>
<link>http://lubetube.com/</link>
<thumbnail>lubetube.png</thumbnail>
<mode>2</mode>
</item>

<item>
<title>[COLOR violet]PlayVid [COLOR red] Adult Videos[/COLOR]</title>
<link>http://www.playvid.com</link>
<thumbnail>playvid.png</thumbnail>
<mode>2</mode>
</item>

<item>
<title>[COLOR lightblue]PornCom [COLOR red] Adult Videos[/COLOR]</title>
<link>http://www.porn.com</link>
<thumbnail>porncom.png</thumbnail>
<mode>2</mode>
</item>

<item>
<title>[COLOR lime]PornHD [COLOR red] Adult Videos[/COLOR]</title>
<link>http://www.pornhd.com/</link>
<thumbnail>pornhd.png</thumbnail>
<mode>2</mode>
</item>

<item>
<title>[COLOR blue]PornXS [COLOR red] Adult Videos[/COLOR]</title>
<link>http://pornxs.com/browse/</link>
<thumbnail>pornxs.png</thumbnail>
<mode>2</mode>
</item>

<item>
<title>[COLOR red]Red[COLOR white]Tube [COLOR red] Adult Videos[/COLOR]</title>
<link>http://www.redtube.com</link>
<thumbnail>redtube.png</thumbnail>
<mode>2</mode>
</item>

<item>
<title>[COLOR green]TnAFlix [COLOR red] Adult Videos[/COLOR]</title>
<link>https://www.tnaflix.com/</link>
<thumbnail>tnaflix.png</thumbnail>
<mode>2</mode>
</item>

<item>
<title>[COLOR magenta]Tube8 [COLOR red] Adult Videos[/COLOR]</title>
<link>http://www.tube8.com</link>
<thumbnail>tube8.png</thumbnail>
<mode>2</mode>
</item>

<item>
<title>[COLOR silver]ViKiPorn [COLOR red] Adult Videos[/COLOR]</title>
<link>http://www.vikiporn.com</link>
<thumbnail>vikiporn.png</thumbnail>
<mode>2</mode>
</item>

<item>
<title>[COLOR blue]xHamster [COLOR red] Adult Videos[/COLOR]</title>
<link>http://xhamster.com</link>
<thumbnail>xhamster.png</thumbnail>
<mode>2</mode>
</item>

<item>
<title>[COLOR yellow]Xvideos [COLOR red] Adult Videos[/COLOR]</title>
<link>http://www.xvideos.com</link>
<thumbnail>xvideos.png</thumbnail>
<mode>2</mode>
</item>

<item>
<title>[COLOR white]Yes XXX [COLOR red] Adult Videos[/COLOR]</title>
<link>http://www.yes.xxx/</link>
<thumbnail>yes.png</thumbnail>
<mode>20</mode>
</item>

<item>
<title>[COLOR chocolate]YouJizz [COLOR red] Adult Videos[/COLOR]</title>
<link>http://www.youjizz.com</link>
<thumbnail>youjizz.png</thumbnail>
<mode>2</mode>
</item>

<item>
<title>[COLOR lightgreen]YouPorn [COLOR red] Adult Videos[/COLOR]</title>
<link>http://www.youporn.com</link>
<thumbnail>youporn.png</thumbnail>
<mode>2</mode>
</item>

<item>
<title>[COLOR green]ZBPorn [COLOR red] Adult Videos[/COLOR]</title>
<link>http://zbporn.com/</link>
<thumbnail>zbporn.png</thumbnail>
<mode>40</mode>
</item>

</stream>